<overlay>
	<after uuid="2654edea-e2e2-41ad-a555-d36cc83240b0">
		<section label="Frequently bought together" uuid="uuid_partner_section">
			<subSection>
				<group label="" visible="{/$EditMode} eq 'View'">
					<Button uuid="uuid_my_grid_order" text="Create Order" span="R"/>
					<GridWidget name="X_MYGRID1" uuid="uuid_my_grid" nolabel="true">
						<action>
							<GridAddButton icon="sap-icon://add" uuid="uuid_my_grid_addline" visible="false"/>
						</action>
						<columns>
							<column label="Item Picture" name="myItemPic" uuid="uuid_column_U_ItemPic" span="L" defaultVisible="true" sortable="false" summed="false" groupable="true">
                                <ImageUploadWidget label="Item Picture" name="myItemPic" uuid="uuid_column_U_ItemPic_Property"/>
                            </column>
							<column label="Item No." name="myItemNo" uuid="uuid_column_U_ItemNo" span="M">
								<StringWidget label="Item No." name="myItemNo" uuid="uuid_column_U_ItemNo_Property" editableAddMode="true" editableUpdateMode="true"/>
							</column>
							<column label="Item Description" name="myItemDesc" uuid="uuid_column_U_ItemDesc" span="R">
								<StringWidget label="Item Description" name="myItemDesc" uuid="uuid_column_U_ItemDesc_Property" editableAddMode="true" editableUpdateMode="true"/>
							</column>
						</columns>
					</GridWidget>
			    </group>
			</subSection>
		</section>
	</after>
</overlay>